Drug,Design_ID,Length_um,Base_size_um,Tip_diameter_um,Inner_diameter_um,Cone_radius_um,Density_cm2,Insertion_speed_mm_s,Concentration_pct,J_Score_Normalized_Observed,J_Score_Normalized_OOF_Prediction,Rank_within_observed_designs
Ascorbic acid,132,650,300,1.93,150,3.86,900,5,0.5,0.8626709578178694,0.8626709578178692,1
Ascorbic acid,138,650,300,1.44,150,2.88,900,5,0.5,0.8626709578178694,0.8626709578178692,2
Ascorbic acid,126,650,100,2.42,150,4.84,900,5,0.5,0.8626709578178694,0.8624741829117362,3
Ascorbic acid,144,650,300,2.42,150,4.84,900,5,0.5,0.8626709578178694,0.8622006865471329,4
Ascorbic acid,114,650,100,1.93,150,3.86,900,5,0.5,0.8626709578178694,0.8620342898666021,5
Ascorbic acid,120,650,100,1.44,150,2.88,900,5,0.5,0.8626709578178694,0.8613772251442738,6
Ascorbic acid,90,550,100,2.42,150,4.84,900,5,0.5,0.7297260915362525,0.7320501214808721,7
Ascorbic acid,78,550,100,1.93,150,3.86,900,5,0.5,0.7297260915362525,0.7310357416190453,8
Ascorbic acid,108,550,300,2.42,150,4.84,900,5,0.5,0.7297260915362525,0.7307284425841759,9
Ascorbic acid,84,550,100,1.44,150,2.88,900,5,0.5,0.7297260915362525,0.7300333905711206,10
Ascorbic acid,96,550,300,1.93,150,3.86,900,5,0.5,0.7297260915362525,0.7297260915362513,11
Ascorbic acid,102,550,300,1.44,150,2.88,900,5,0.5,0.7297260915362525,0.7291873725005638,12
Ascorbic acid,42,450,100,1.93,150,3.86,900,5,0.5,0.5967812252546356,0.5972911946573279,13
Ascorbic acid,72,450,300,2.42,150,4.84,900,5,0.5,0.5967812252546356,0.5972230802667434,14
Ascorbic acid,48,450,100,1.44,150,2.88,900,5,0.5,0.5967812252546356,0.596713110864052,15
Ascorbic acid,60,450,300,1.93,150,3.86,900,5,0.5,0.5967812252546356,0.596713110864052,16
Ascorbic acid,66,450,300,1.44,150,2.88,900,5,0.5,0.5967812252546356,0.596713110864052,17
Ascorbic acid,54,450,100,2.42,150,4.84,900,5,0.5,0.5967812252546356,0.5963263342930246,18
Ascorbic acid,113,650,100,1.93,150,3.86,500,5,0.5,0.4786080107820872,0.4789625857918029,19
Ascorbic acid,143,650,300,2.42,150,4.84,500,5,0.5,0.4786080107820872,0.4789625857918029,20
Ascorbic acid,125,650,100,2.42,150,4.84,500,5,0.5,0.4786080107820872,0.4786080107820876,21
Ascorbic acid,119,650,100,1.44,150,2.88,500,5,0.5,0.4786080107820872,0.4785533510859395,22
Ascorbic acid,131,650,300,1.93,150,3.86,500,5,0.5,0.4786080107820872,0.4784440316936433,23
Ascorbic acid,137,650,300,1.44,150,2.88,500,5,0.5,0.4786080107820872,0.478254306364717,24
Ascorbic acid,12,350,100,1.44,150,2.88,900,5,0.5,0.4638363589730186,0.4638363589730189,25
Ascorbic acid,30,350,300,1.44,150,2.88,900,5,0.5,0.4638363589730186,0.4638363589730189,26
Ascorbic acid,18,350,100,2.42,150,4.84,900,5,0.5,0.4638363589730186,0.4637833811136754,27
Ascorbic acid,24,350,300,1.93,150,3.86,900,5,0.5,0.4638363589730186,0.4637304032543319,28
Ascorbic acid,6,350,100,1.93,150,3.86,900,5,0.5,0.4638363589730186,0.4630977387046187,29
Ascorbic acid,36,350,300,2.42,150,4.84,900,5,0.5,0.4638363589730186,0.4630977387046187,30
Ascorbic acid,77,550,100,1.93,150,3.86,500,5,0.5,0.4047497517367445,0.4047497517367446,31
Ascorbic acid,83,550,100,1.44,150,2.88,500,5,0.5,0.4047497517367445,0.4047497517367446,32
Ascorbic acid,89,550,100,2.42,150,4.84,500,5,0.5,0.4047497517367445,0.4047497517367446,33
Ascorbic acid,101,550,300,1.44,150,2.88,500,5,0.5,0.4047497517367445,0.4047035012246193,34
Ascorbic acid,107,550,300,2.42,150,4.84,500,5,0.5,0.4047497517367445,0.404657250712494,35
Ascorbic acid,95,550,300,1.93,150,3.86,500,5,0.5,0.4047497517367445,0.4040953362925873,36
Ascorbic acid,59,450,300,1.93,150,3.86,500,5,0.5,0.3308914926914018,0.3312831080808144,37
Ascorbic acid,41,450,100,1.93,150,3.86,500,5,0.5,0.3308914926914018,0.3308914926914025,38
Ascorbic acid,53,450,100,2.42,150,4.84,500,5,0.5,0.3308914926914018,0.3308914926914025,39
Ascorbic acid,65,450,300,1.44,150,2.88,500,5,0.5,0.3308914926914018,0.3308914926914025,40
Ascorbic acid,47,450,100,1.44,150,2.88,500,5,0.5,0.3308914926914018,0.3308536513632999,41
Ascorbic acid,71,450,300,2.42,150,4.84,500,5,0.5,0.3308914926914018,0.3307779687070949,42
Ascorbic acid,5,350,100,1.93,150,3.86,500,5,0.5,0.2570332336460591,0.2571656740453849,43
Ascorbic acid,35,350,300,2.42,150,4.84,500,5,0.5,0.2570332336460591,0.2571362419013051,44
Ascorbic acid,17,350,100,2.42,150,4.84,500,5,0.5,0.2570332336460591,0.2570332336460588,45
Ascorbic acid,11,350,100,1.44,150,2.88,500,5,0.5,0.2570332336460591,0.2570038015019791,46
Ascorbic acid,29,350,300,1.44,150,2.88,500,5,0.5,0.2570332336460591,0.2570038015019791,47
Ascorbic acid,23,350,300,1.93,150,3.86,500,5,0.5,0.2570332336460591,0.2568133452772411,48
Ascorbic acid,142,650,300,2.42,150,4.84,150,5,0.5,0.1425529321257779,0.1428290046307709,49
Ascorbic acid,112,650,100,1.93,150,3.86,150,5,0.5,0.1425529321257779,0.1428290046307708,50
Ascorbic acid,136,650,300,1.44,150,2.88,150,5,0.5,0.1425529321257779,0.1425529321257777,51
Ascorbic acid,124,650,100,2.42,150,4.84,150,5,0.5,0.1425529321257779,0.1424468208005665,52
Ascorbic acid,130,650,300,1.93,150,3.86,150,5,0.5,0.1425529321257779,0.1424468208005665,53
Ascorbic acid,118,650,100,1.44,150,2.88,150,5,0.5,0.1425529321257779,0.1423243115665109,54
Ascorbic acid,76,550,100,1.93,150,3.86,150,5,0.5,0.1203954544121751,0.1209487115910552,55
Ascorbic acid,106,550,300,2.42,150,4.84,150,5,0.5,0.1203954544121751,0.1209487115910552,56
Ascorbic acid,82,550,100,1.44,150,2.88,150,5,0.5,0.1203954544121751,0.1206400529100163,57
Ascorbic acid,94,550,300,1.93,150,3.86,150,5,0.5,0.1203954544121751,0.1203954544121752,58
Ascorbic acid,100,550,300,1.44,150,2.88,150,5,0.5,0.1203954544121751,0.1203954544121752,59
Ascorbic acid,88,550,100,2.42,150,4.84,150,5,0.5,0.1203954544121751,0.1203677041049,60
Ascorbic acid,52,450,100,2.42,150,4.84,150,5,0.5,0.0982379766985722,0.0983116192005899,61
Ascorbic acid,40,450,100,1.93,150,3.86,150,5,0.5,0.0982379766985722,0.0982277375590106,62
Ascorbic acid,70,450,300,2.42,150,4.84,150,5,0.5,0.0982379766985722,0.0982277375590106,63
Ascorbic acid,46,450,100,1.44,150,2.88,150,5,0.5,0.0982379766985722,0.098192567104849,64
Ascorbic acid,58,450,300,1.93,150,3.86,150,5,0.5,0.0982379766985722,0.0981645150118874,65
Ascorbic acid,64,450,300,1.44,150,2.88,150,5,0.5,0.0982379766985722,0.0981645150118874,66
Ascorbic acid,111,650,100,1.93,50,3.86,900,5,0.5,0.0945450637463051,0.0946867196317222,67
Ascorbic acid,141,650,300,2.42,50,4.84,900,5,0.5,0.0945450637463051,0.0946867196317222,68
Ascorbic acid,129,650,300,1.93,50,3.86,900,5,0.5,0.0945450637463051,0.094545063746305,69
Ascorbic acid,135,650,300,1.44,50,2.88,900,5,0.5,0.0945450637463051,0.094545063746305,70
Ascorbic acid,117,650,100,1.44,50,2.88,900,5,0.5,0.0945450637463051,0.0945341318070754,71
Ascorbic acid,123,650,100,2.42,50,4.84,900,5,0.5,0.0945450637463051,0.0945341318070754,72
Ascorbic acid,99,550,300,1.44,50,2.88,900,5,0.5,0.0797734119372366,0.0799025247119377,73
Ascorbic acid,75,550,100,1.93,50,3.86,900,5,0.5,0.0797734119372366,0.0798783902459623,74
Ascorbic acid,105,550,300,2.42,50,4.84,900,5,0.5,0.0797734119372366,0.0798783902459623,75
Ascorbic acid,87,550,100,2.42,50,4.84,900,5,0.5,0.0797734119372366,0.0797734119372366,76
Ascorbic acid,81,550,100,1.44,50,2.88,900,5,0.5,0.0797734119372366,0.0797641618348115,77
Ascorbic acid,93,550,300,1.93,50,3.86,900,5,0.5,0.0797734119372366,0.0797641618348115,78
Ascorbic acid,22,350,300,1.93,150,3.86,150,5,0.5,0.0760804989849694,0.0761718759091654,79
Ascorbic acid,34,350,300,2.42,150,4.84,150,5,0.5,0.0760804989849694,0.0761235686849679,80
Ascorbic acid,4,350,100,1.93,150,3.86,150,5,0.5,0.0760804989849694,0.076114739041744,81
Ascorbic acid,10,350,100,1.44,150,2.88,150,5,0.5,0.0760804989849694,0.0760628396985214,82
Ascorbic acid,16,350,100,2.42,150,4.84,150,5,0.5,0.0760804989849694,0.0760233621175478,83
Ascorbic acid,28,350,300,1.44,150,2.88,150,5,0.5,0.0760804989849694,0.0760233621175478,84
Ascorbic acid,39,450,100,1.93,50,3.86,900,5,0.5,0.065001760128168,0.0652423841977716,85
Ascorbic acid,69,450,300,2.42,50,4.84,900,5,0.5,0.065001760128168,0.0652423841977716,86
Ascorbic acid,57,450,300,1.93,50,3.86,900,5,0.5,0.065001760128168,0.0650876514716709,87
Ascorbic acid,45,450,100,1.44,50,2.88,900,5,0.5,0.065001760128168,0.065001760128168,88
Ascorbic acid,63,450,300,1.44,50,2.88,900,5,0.5,0.065001760128168,0.0649941918625475,89
Ascorbic acid,51,450,100,2.42,50,4.84,900,5,0.5,0.065001760128168,0.0649436484223684,90
Ascorbic acid,134,650,300,1.44,50,2.88,500,5,0.5,0.0518714029645515,0.0518938209637282,91
Ascorbic acid,116,650,100,1.44,50,2.88,500,5,0.5,0.0518714029645515,0.0518828077272101,92
Ascorbic acid,122,650,100,2.42,50,4.84,500,5,0.5,0.0518714029645515,0.0518714029645514,93
Ascorbic acid,128,650,300,1.93,50,3.86,500,5,0.5,0.0518714029645515,0.0518714029645514,94
Ascorbic acid,140,650,300,2.42,50,4.84,500,5,0.5,0.0518714029645515,0.0518714029645514,95
Ascorbic acid,110,650,100,1.93,50,3.86,500,5,0.5,0.0518714029645515,0.0518653296649794,96
Ascorbic acid,15,350,100,2.42,50,4.84,900,5,0.5,0.0502301083190995,0.0502301083190994,97
Ascorbic acid,21,350,300,1.93,50,3.86,900,5,0.5,0.0502301083190995,0.0502242218902835,98
Ascorbic acid,3,350,100,1.93,50,3.86,900,5,0.5,0.0502301083190995,0.0502137452887386,99
Ascorbic acid,33,350,300,2.42,50,4.84,900,5,0.5,0.0502301083190995,0.0502078588599226,100
Ascorbic acid,9,350,100,1.44,50,2.88,900,5,0.5,0.0502301083190995,0.0501920170741518,101
Ascorbic acid,27,350,300,1.44,50,2.88,900,5,0.5,0.0502301083190995,0.0501861306453359,102
Ascorbic acid,92,550,300,1.93,50,3.86,500,5,0.5,0.0436649297372912,0.0437366590565696,103
Ascorbic acid,86,550,100,2.42,50,4.84,500,5,0.5,0.0436649297372912,0.0437232510199166,104
Ascorbic acid,104,550,300,2.42,50,4.84,500,5,0.5,0.0436649297372912,0.0437172349255423,105
Ascorbic acid,74,550,100,1.93,50,3.86,500,5,0.5,0.0436649297372912,0.0436982658493158,106
Ascorbic acid,98,550,300,1.44,50,2.88,500,5,0.5,0.0436649297372912,0.0436838988135177,107
Ascorbic acid,80,550,100,1.44,50,2.88,500,5,0.5,0.0436649297372912,0.0435973558559543,108
Ascorbic acid,44,450,100,1.44,50,2.88,500,5,0.5,0.0354584565100309,0.0354584565100308,109
Ascorbic acid,56,450,300,1.93,50,3.86,500,5,0.5,0.0354584565100309,0.0354584565100308,110
Ascorbic acid,62,450,300,1.44,50,2.88,500,5,0.5,0.0354584565100309,0.0354584565100308,111
Ascorbic acid,50,450,100,2.42,50,4.84,500,5,0.5,0.0354584565100309,0.0354542519180194,112
Ascorbic acid,68,450,300,2.42,50,4.84,500,5,0.5,0.0354584565100309,0.0353759607568316,113
Ascorbic acid,38,450,100,1.93,50,3.86,500,5,0.5,0.0354584565100309,0.0353717561648202,114
Ascorbic acid,26,350,300,1.44,50,2.88,500,5,0.5,0.0272519832827706,0.0272890968262594,115
Ascorbic acid,20,350,300,1.93,50,3.86,500,5,0.5,0.0272519832827706,0.0272519832827705,116
Ascorbic acid,2,350,100,1.93,50,3.86,500,5,0.5,0.0272519832827706,0.0272487130445395,117
Ascorbic acid,8,350,100,1.44,50,2.88,500,5,0.5,0.0272519832827706,0.0272487130445395,118
Ascorbic acid,14,350,100,2.42,50,4.84,500,5,0.5,0.0272519832827706,0.0272487130445395,119
Ascorbic acid,32,350,300,2.42,50,4.84,500,5,0.5,0.0272519832827706,0.0272454428063084,120
Ascorbic acid,139,650,300,2.42,50,4.84,150,5,0.5,0.0145319497805172,0.0145553977571421,121
Ascorbic acid,109,650,100,1.93,50,3.86,150,5,0.5,0.0145319497805172,0.0145401249677645,122
Ascorbic acid,121,650,100,2.42,50,4.84,150,5,0.5,0.0145319497805172,0.0145319497805171,123
Ascorbic acid,127,650,300,1.93,50,3.86,150,5,0.5,0.0145319497805172,0.0145301277906455,124
Ascorbic acid,115,650,100,1.44,50,2.88,150,5,0.5,0.0145319497805172,0.0145268850330245,125
Ascorbic acid,133,650,300,1.44,50,2.88,150,5,0.5,0.0145319497805172,0.0145183376433999,126
Ascorbic acid,73,550,100,1.93,50,3.86,150,5,0.5,0.0120700078123391,0.0121050005819143,127
Ascorbic acid,103,550,300,2.42,50,4.84,150,5,0.5,0.0120700078123391,0.0121050005819143,128
Ascorbic acid,79,550,100,1.44,50,2.88,150,5,0.5,0.0120700078123391,0.0120988856428626,129
Ascorbic acid,85,550,100,2.42,50,4.84,150,5,0.5,0.0120700078123391,0.0120931949199946,130
Ascorbic acid,91,550,300,1.93,50,3.86,150,5,0.5,0.0120700078123391,0.012070007812339,131
Ascorbic acid,97,550,300,1.44,50,2.88,150,5,0.5,0.0120700078123391,0.012070007812339,132
Ascorbic acid,43,450,100,1.44,50,2.88,150,5,0.5,0.009608065844161,0.0096080658441609,133
Ascorbic acid,61,450,300,1.44,50,2.88,150,5,0.5,0.009608065844161,0.0096080658441609,134
Ascorbic acid,67,450,300,2.42,50,4.84,150,5,0.5,0.009608065844161,0.0096080658441609,135
Ascorbic acid,37,450,100,1.93,50,3.86,150,5,0.5,0.009608065844161,0.0096068044665575,136
Ascorbic acid,49,450,100,2.42,50,4.84,150,5,0.5,0.009608065844161,0.0096068044665575,137
Ascorbic acid,55,450,300,1.93,50,3.86,150,5,0.5,0.009608065844161,0.0096068044665575,138
Ascorbic acid,31,350,300,2.42,50,4.84,150,5,0.5,0.0071461238759829,0.0071689895752258,139
Ascorbic acid,1,350,100,1.93,50,3.86,150,5,0.5,0.0071461238759829,0.0071680085037565,140
Ascorbic acid,13,350,100,2.42,50,4.84,150,5,0.5,0.0071461238759829,0.0071461238759829,141
Ascorbic acid,19,350,300,1.93,50,3.86,150,5,0.5,0.0071461238759829,0.0071451428045135,142
Ascorbic acid,25,350,300,1.44,50,2.88,150,5,0.5,0.0071461238759829,0.0071451428045135,143
Ascorbic acid,7,350,100,1.44,50,2.88,150,5,0.5,0.0071461238759829,0.0071397753351583,144
Estradiol,132,650,300,1.93,150,3.86,900,5,0.5,0.6933707722662182,0.6931976332197617,1
Estradiol,126,650,100,2.42,150,4.84,900,5,0.5,0.6933707722662182,0.6931752783385154,2
Estradiol,120,650,100,1.44,150,2.88,900,5,0.5,0.6933707722662182,0.6930244941733043,3
Estradiol,138,650,300,1.44,150,2.88,900,5,0.5,0.6933707722662182,0.6929797844108115,4
Estradiol,114,650,100,1.93,150,3.86,900,5,0.5,0.6933707722662182,0.692032964237165,5
Estradiol,144,650,300,2.42,150,4.84,900,5,0.5,0.6933707722662182,0.692032964237165,6
Estradiol,78,550,100,1.93,150,3.86,900,5,0.5,0.586472088377163,0.5864720883771638,7
Estradiol,84,550,100,1.44,150,2.88,900,5,0.5,0.586472088377163,0.5864720883771638,8
Estradiol,96,550,300,1.93,150,3.86,900,5,0.5,0.586472088377163,0.5864720883771638,9
Estradiol,108,550,300,2.42,150,4.84,900,5,0.5,0.586472088377163,0.5864720883771638,10
Estradiol,102,550,300,1.44,150,2.88,900,5,0.5,0.586472088377163,0.5863255861070843,11
Estradiol,90,550,100,2.42,150,4.84,900,5,0.5,0.586472088377163,0.5860730445040975,12
Estradiol,60,450,300,1.93,150,3.86,900,5,0.5,0.4795734044881078,0.479753267181951,13
Estradiol,42,450,100,1.93,150,3.86,900,5,0.5,0.4795734044881078,0.4795734044881074,14
Estradiol,48,450,100,1.44,150,2.88,900,5,0.5,0.4795734044881078,0.4795734044881074,15
Estradiol,54,450,100,2.42,150,4.84,900,5,0.5,0.4795734044881078,0.4795734044881074,16
Estradiol,66,450,300,1.44,150,2.88,900,5,0.5,0.4795734044881078,0.4795734044881074,17
Estradiol,72,450,300,2.42,150,4.84,900,5,0.5,0.4795734044881078,0.4795734044881074,18
Estradiol,137,650,300,1.44,150,2.88,500,5,0.5,0.384552352142281,0.3845523521422814,19
Estradiol,125,650,100,2.42,150,4.84,500,5,0.5,0.384552352142281,0.3844561637831383,20
Estradiol,119,650,100,1.44,150,2.88,500,5,0.5,0.384552352142281,0.3844437444046681,21
Estradiol,131,650,300,1.93,150,3.86,500,5,0.5,0.384552352142281,0.3843351366670549,22
Estradiol,113,650,100,1.93,150,3.86,500,5,0.5,0.384552352142281,0.3841121241179177,23
Estradiol,143,650,300,2.42,150,4.84,500,5,0.5,0.384552352142281,0.3841121241179177,24
Estradiol,12,350,100,1.44,150,2.88,900,5,0.5,0.3726747205990527,0.3729674702386497,25
Estradiol,30,350,300,1.44,150,2.88,900,5,0.5,0.3726747205990527,0.3729674702386497,26
Estradiol,6,350,100,1.93,150,3.86,900,5,0.5,0.3726747205990527,0.3726747205990529,27
Estradiol,24,350,300,1.93,150,3.86,900,5,0.5,0.3726747205990527,0.3726747205990529,28
Estradiol,36,350,300,2.42,150,4.84,900,5,0.5,0.3726747205990527,0.3726747205990529,29
Estradiol,18,350,100,2.42,150,4.84,900,5,0.5,0.3726747205990527,0.3725814918817296,30
Estradiol,101,550,300,1.44,150,2.88,500,5,0.5,0.3251641944261392,0.3254197695083274,31
Estradiol,83,550,100,1.44,150,2.88,500,5,0.5,0.3251641944261392,0.3251641944261398,32
Estradiol,89,550,100,2.42,150,4.84,500,5,0.5,0.3251641944261392,0.3251641944261398,33
Estradiol,77,550,100,1.93,150,3.86,500,5,0.5,0.3251641944261392,0.3250828042760957,34
Estradiol,95,550,300,1.93,150,3.86,500,5,0.5,0.3251641944261392,0.3250828042760957,35
Estradiol,107,550,300,2.42,150,4.84,500,5,0.5,0.3251641944261392,0.3250828042760957,36
Estradiol,53,450,100,2.42,150,4.84,500,5,0.5,0.2657760367099975,0.2657760367099975,37
Estradiol,59,450,300,1.93,150,3.86,500,5,0.5,0.2657760367099975,0.2657760367099975,38
Estradiol,65,450,300,1.44,150,2.88,500,5,0.5,0.2657760367099975,0.2657760367099975,39
Estradiol,47,450,100,1.44,150,2.88,500,5,0.5,0.2657760367099975,0.2657008467378037,40
Estradiol,41,450,100,1.93,150,3.86,500,5,0.5,0.2657760367099975,0.265410279992513,41
Estradiol,71,450,300,2.42,150,4.84,500,5,0.5,0.2657760367099975,0.265410279992513,42
Estradiol,29,350,300,1.44,150,2.88,500,5,0.5,0.2063878789938557,0.2067131563711849,43
Estradiol,17,350,100,2.42,150,4.84,500,5,0.5,0.2063878789938557,0.2065505176825201,44
Estradiol,23,350,300,1.93,150,3.86,500,5,0.5,0.2063878789938557,0.2065505176825201,45
Estradiol,5,350,100,1.93,150,3.86,500,5,0.5,0.2063878789938557,0.2063878789938552,46
Estradiol,11,350,100,1.44,150,2.88,500,5,0.5,0.2063878789938557,0.2063878789938552,47
Estradiol,35,350,300,2.42,150,4.84,500,5,0.5,0.2063878789938557,0.2063878789938552,48
Estradiol,130,650,300,1.93,150,3.86,150,5,0.5,0.114336234533836,0.1143445221532239,49
Estradiol,118,650,100,1.44,150,2.88,150,5,0.5,0.114336234533836,0.1142889218282986,50
Estradiol,124,650,100,2.42,150,4.84,150,5,0.5,0.114336234533836,0.1142785215183499,51
Estradiol,136,650,300,1.44,150,2.88,150,5,0.5,0.114336234533836,0.1142600653205557,52
Estradiol,112,650,100,1.93,150,3.86,150,5,0.5,0.114336234533836,0.1142384875699839,53
Estradiol,142,650,300,2.42,150,4.84,150,5,0.5,0.114336234533836,0.1142384875699839,54
Estradiol,76,550,100,1.93,150,3.86,150,5,0.5,0.0965197872189935,0.096673132268306,55
Estradiol,106,550,300,2.42,150,4.84,150,5,0.5,0.0965197872189935,0.096673132268306,56
Estradiol,94,550,300,1.93,150,3.86,150,5,0.5,0.0965197872189935,0.0965964597436497,57
Estradiol,100,550,300,1.44,150,2.88,150,5,0.5,0.0965197872189935,0.0965964597436497,58
Estradiol,82,550,100,1.44,150,2.88,150,5,0.5,0.0965197872189935,0.0965197872189934,59
Estradiol,88,550,100,2.42,150,4.84,150,5,0.5,0.0965197872189935,0.0965197872189934,60
Estradiol,52,450,100,2.42,150,4.84,150,5,0.5,0.078703339904151,0.0787660719697788,61
Estradiol,64,450,300,1.44,150,2.88,150,5,0.5,0.078703339904151,0.078703339904151,62
Estradiol,46,450,100,1.44,150,2.88,150,5,0.5,0.078703339904151,0.0786807829124928,63
Estradiol,58,450,300,1.93,150,3.86,150,5,0.5,0.078703339904151,0.0786705849541637,64
Estradiol,70,450,300,2.42,150,4.84,150,5,0.5,0.078703339904151,0.0786537655451589,65
Estradiol,40,450,100,1.93,150,3.86,150,5,0.5,0.078703339904151,0.0785910334795311,66
Estradiol,111,650,100,1.93,50,3.86,900,5,0.5,0.0757339320183439,0.075775103002305,67
Estradiol,117,650,100,1.44,50,2.88,900,5,0.5,0.0757339320183439,0.0757339320183439,68
Estradiol,135,650,300,1.44,50,2.88,900,5,0.5,0.0757339320183439,0.0757339320183439,69
Estradiol,141,650,300,2.42,50,4.84,900,5,0.5,0.0757339320183439,0.0757339320183439,70
Estradiol,123,650,100,2.42,50,4.84,900,5,0.5,0.0757339320183439,0.0757146943465152,71
Estradiol,129,650,300,1.93,50,3.86,900,5,0.5,0.0757339320183439,0.0757146943465152,72
Estradiol,81,550,100,1.44,50,2.88,900,5,0.5,0.0638563004751155,0.0639074154915529,73
Estradiol,87,550,100,2.42,50,4.84,900,5,0.5,0.0638563004751155,0.0639074154915529,74
Estradiol,93,550,300,1.93,50,3.86,900,5,0.5,0.0638563004751155,0.0639074154915529,75
Estradiol,99,550,300,1.44,50,2.88,900,5,0.5,0.0638563004751155,0.0638563004751154,76
Estradiol,75,550,100,1.93,50,3.86,900,5,0.5,0.0638563004751155,0.0638112314856265,77
Estradiol,105,550,300,2.42,50,4.84,900,5,0.5,0.0638563004751155,0.0638112314856265,78
Estradiol,4,350,100,1.93,150,3.86,150,5,0.5,0.0608868925893084,0.0609356841959077,79
Estradiol,10,350,100,1.44,150,2.88,150,5,0.5,0.0608868925893084,0.0609356841959077,80
Estradiol,16,350,100,2.42,150,4.84,150,5,0.5,0.0608868925893084,0.0609356841959077,81
Estradiol,34,350,300,2.42,150,4.84,150,5,0.5,0.0608868925893084,0.0609356841959077,82
Estradiol,28,350,300,1.44,150,2.88,150,5,0.5,0.0608868925893084,0.0608868925893083,83
Estradiol,22,350,300,1.93,150,3.86,150,5,0.5,0.0608868925893084,0.0608713544697544,84
Estradiol,45,450,100,1.44,50,2.88,900,5,0.5,0.0519786689318872,0.0520204903089724,85
Estradiol,57,450,300,1.93,50,3.86,900,5,0.5,0.0519786689318872,0.0519786689318871,86
Estradiol,63,450,300,1.44,50,2.88,900,5,0.5,0.0519786689318872,0.0519786689318871,87
Estradiol,39,450,100,1.93,50,3.86,900,5,0.5,0.0519786689318872,0.0519770959319058,88
Estradiol,51,450,100,2.42,50,4.84,900,5,0.5,0.0519786689318872,0.0519557106043429,89
Estradiol,69,450,300,2.42,50,4.84,900,5,0.5,0.0519786689318872,0.0519335549485709,90
Estradiol,110,650,100,1.93,50,3.86,500,5,0.5,0.0414207742267953,0.0414207742267952,91
Estradiol,116,650,100,1.44,50,2.88,500,5,0.5,0.0414207742267953,0.0414207742267952,92
Estradiol,122,650,100,2.42,50,4.84,500,5,0.5,0.0414207742267953,0.0414207742267952,93
Estradiol,128,650,300,1.93,50,3.86,500,5,0.5,0.0414207742267953,0.0414207742267952,94
Estradiol,140,650,300,2.42,50,4.84,500,5,0.5,0.0414207742267953,0.0414207742267952,95
Estradiol,134,650,300,1.44,50,2.88,500,5,0.5,0.0414207742267953,0.0413839275282674,96
Estradiol,3,350,100,1.93,50,3.86,900,5,0.5,0.0401010373886588,0.0401660928641247,97
Estradiol,33,350,300,2.42,50,4.84,900,5,0.5,0.0401010373886588,0.0401660928641247,98
Estradiol,21,350,300,1.93,50,3.86,900,5,0.5,0.0401010373886588,0.0401335651263917,99
Estradiol,9,350,100,1.44,50,2.88,900,5,0.5,0.0401010373886588,0.0401010373886587,100
Estradiol,27,350,300,1.44,50,2.88,900,5,0.5,0.0401010373886588,0.0401010373886587,101
Estradiol,15,350,100,2.42,50,4.84,900,5,0.5,0.0401010373886588,0.0400831809116799,102
Estradiol,98,550,300,1.44,50,2.88,500,5,0.5,0.0348220900361129,0.0348788844988212,103
Estradiol,80,550,100,1.44,50,2.88,500,5,0.5,0.0348220900361129,0.034850487267467,104
Estradiol,92,550,300,1.93,50,3.86,500,5,0.5,0.0348220900361129,0.0348220900361129,105
Estradiol,86,550,100,2.42,50,4.84,500,5,0.5,0.0348220900361129,0.034813046686108,106
Estradiol,74,550,100,1.93,50,3.86,500,5,0.5,0.0348220900361129,0.0348118790522347,107
Estradiol,104,550,300,2.42,50,4.84,500,5,0.5,0.0348220900361129,0.0348118790522347,108
Estradiol,50,450,100,2.42,50,4.84,500,5,0.5,0.0282234058454305,0.0282234058454305,109
Estradiol,56,450,300,1.93,50,3.86,500,5,0.5,0.0282234058454305,0.0282234058454305,110
Estradiol,62,450,300,1.44,50,2.88,500,5,0.5,0.0282234058454305,0.0282234058454305,111
Estradiol,44,450,100,1.44,50,2.88,500,5,0.5,0.0282234058454305,0.028216006740881,112
Estradiol,38,450,100,1.93,50,3.86,500,5,0.5,0.0282234058454305,0.0281948976731127,113
Estradiol,68,450,300,2.42,50,4.84,500,5,0.5,0.0282234058454305,0.0281948976731127,114
Estradiol,8,350,100,1.44,50,2.88,500,5,0.5,0.021624721654748,0.0216608635855624,115
Estradiol,14,350,100,2.42,50,4.84,500,5,0.5,0.021624721654748,0.0216427926201552,116
Estradiol,26,350,300,1.44,50,2.88,500,5,0.5,0.021624721654748,0.021624721654748,117
Estradiol,2,350,100,1.93,50,3.86,500,5,0.5,0.021624721654748,0.0216234367728661,118
Estradiol,32,350,300,2.42,50,4.84,500,5,0.5,0.021624721654748,0.0216234367728661,119
Estradiol,20,350,300,1.93,50,3.86,500,5,0.5,0.021624721654748,0.021618966795654,120
Estradiol,115,650,100,1.44,50,2.88,150,5,0.5,0.0113967611591903,0.0113967611591903,121
Estradiol,121,650,100,2.42,50,4.84,150,5,0.5,0.0113967611591903,0.0113967611591903,122
Estradiol,133,650,300,1.44,50,2.88,150,5,0.5,0.0113967611591903,0.0113967611591903,123
Estradiol,139,650,300,2.42,50,4.84,150,5,0.5,0.0113967611591903,0.0113912341544111,124
Estradiol,109,650,100,1.93,50,3.86,150,5,0.5,0.0113967611591903,0.011388027875773,125
Estradiol,127,650,300,1.93,50,3.86,150,5,0.5,0.0113967611591903,0.0113878839339879,126
Estradiol,73,550,100,1.93,50,3.86,150,5,0.5,0.0094171559019856,0.0094400004052028,127
Estradiol,103,550,300,2.42,50,4.84,150,5,0.5,0.0094171559019856,0.0094400004052028,128
Estradiol,85,550,100,2.42,50,4.84,150,5,0.5,0.0094171559019856,0.0094171559019855,129
Estradiol,79,550,100,1.44,50,2.88,150,5,0.5,0.0094171559019856,0.0094140926068221,130
Estradiol,91,550,300,1.93,50,3.86,150,5,0.5,0.0094171559019856,0.0094127076989008,131
Estradiol,97,550,300,1.44,50,2.88,150,5,0.5,0.0094171559019856,0.0094124792056339,132
Estradiol,49,450,100,2.42,50,4.84,150,5,0.5,0.0074375506447808,0.0074339112058933,133
Estradiol,61,450,300,1.44,50,2.88,150,5,0.5,0.0074375506447808,0.0074339112058933,134
Estradiol,55,450,300,1.93,50,3.86,150,5,0.5,0.0074375506447808,0.0074337242568567,135
Estradiol,37,450,100,1.93,50,3.86,150,5,0.5,0.0074375506447808,0.0074312179244502,136
Estradiol,67,450,300,2.42,50,4.84,150,5,0.5,0.0074375506447808,0.0074312179244502,137
Estradiol,43,450,100,1.44,50,2.88,150,5,0.5,0.0074375506447808,0.0074275784855628,138
Estradiol,1,350,100,1.93,50,3.86,150,5,0.5,0.0054579453875761,0.0054668385971709,139
Estradiol,31,350,300,2.42,50,4.84,150,5,0.5,0.0054579453875761,0.0054668385971709,140
Estradiol,7,350,100,1.44,50,2.88,150,5,0.5,0.0054579453875761,0.005457945387576,141
Estradiol,13,350,100,2.42,50,4.84,150,5,0.5,0.0054579453875761,0.005457945387576,142
Estradiol,19,350,300,1.93,50,3.86,150,5,0.5,0.0054579453875761,0.005457945387576,143
Estradiol,25,350,300,1.44,50,2.88,150,5,0.5,0.0054579453875761,0.005457945387576,144
Ibuprofen,120,650,100,1.44,150,2.88,900,5,0.5,0.796964485585032,0.7969644855850317,1
Ibuprofen,126,650,100,2.42,150,4.84,900,5,0.5,0.796964485585032,0.7969644855850317,2
Ibuprofen,132,650,300,1.93,150,3.86,900,5,0.5,0.796964485585032,0.7969644855850317,3
Ibuprofen,114,650,100,1.93,150,3.86,900,5,0.5,0.796964485585032,0.7965130198960747,4
Ibuprofen,144,650,300,2.42,150,4.84,900,5,0.5,0.796964485585032,0.7965130198960747,5
Ibuprofen,138,650,300,1.44,150,2.88,900,5,0.5,0.796964485585032,0.795979967122872,6
Ibuprofen,108,550,300,2.42,150,4.84,900,5,0.5,0.6741283073392361,0.6750910199858084,7
Ibuprofen,78,550,100,1.93,150,3.86,900,5,0.5,0.6741283073392361,0.6750737611795258,8
Ibuprofen,84,550,100,1.44,150,2.88,900,5,0.5,0.6741283073392361,0.6741628249518018,9
Ibuprofen,102,550,300,1.44,150,2.88,900,5,0.5,0.6741283073392361,0.6741455661455191,10
Ibuprofen,96,550,300,1.93,150,3.86,900,5,0.5,0.6741283073392361,0.6737290391038361,11
Ibuprofen,90,550,100,2.42,150,4.84,900,5,0.5,0.6741283073392361,0.6732952532558706,12
Ibuprofen,66,450,300,1.44,150,2.88,900,5,0.5,0.5512921290934404,0.551406225202766,13
Ibuprofen,48,450,100,1.44,150,2.88,900,5,0.5,0.5512921290934404,0.55106543035048,14
Ibuprofen,42,450,100,1.93,150,3.86,900,5,0.5,0.5512921290934404,0.550965455082658,15
Ibuprofen,72,450,300,2.42,150,4.84,900,5,0.5,0.5512921290934404,0.550965455082658,16
Ibuprofen,54,450,100,2.42,150,4.84,900,5,0.5,0.5512921290934404,0.5509513342411541,17
Ibuprofen,60,450,300,1.93,150,3.86,900,5,0.5,0.5512921290934404,0.550603183530395,18
Ibuprofen,125,650,100,2.42,150,4.84,500,5,0.5,0.4421044150971774,0.4421044150971769,19
Ibuprofen,131,650,300,1.93,150,3.86,500,5,0.5,0.4421044150971774,0.441853600825534,20
Ibuprofen,119,650,100,1.44,150,2.88,500,5,0.5,0.4421044150971774,0.4418309377465769,21
Ibuprofen,137,650,300,1.44,150,2.88,500,5,0.5,0.4421044150971774,0.4415687919354555,22
Ibuprofen,113,650,100,1.93,150,3.86,500,5,0.5,0.4421044150971774,0.441283983045377,23
Ibuprofen,143,650,300,2.42,150,4.84,500,5,0.5,0.4421044150971774,0.4410105056947771,24
Ibuprofen,18,350,100,2.42,150,4.84,900,5,0.5,0.4284559508476446,0.4287567770695543,25
Ibuprofen,24,350,300,1.93,150,3.86,900,5,0.5,0.4284559508476446,0.4287567770695543,26
Ibuprofen,6,350,100,1.93,150,3.86,900,5,0.5,0.4284559508476446,0.4284669337243694,27
Ibuprofen,36,350,300,2.42,150,4.84,900,5,0.5,0.4284559508476446,0.4284669337243694,28
Ibuprofen,12,350,100,1.44,150,2.88,900,5,0.5,0.4284559508476446,0.428190888184755,29
Ibuprofen,30,350,300,1.44,150,2.88,900,5,0.5,0.4284559508476446,0.4279258255218657,30
Ibuprofen,95,550,300,1.93,150,3.86,500,5,0.5,0.3738620938495132,0.3741247199162602,31
Ibuprofen,101,550,300,1.44,150,2.88,500,5,0.5,0.3738620938495132,0.3738620938495131,32
Ibuprofen,83,550,100,1.44,150,2.88,500,5,0.5,0.3738620938495132,0.3736619120921681,33
Ibuprofen,89,550,100,2.42,150,4.84,500,5,0.5,0.3738620938495132,0.373630689937467,34
Ibuprofen,77,550,100,1.93,150,3.86,500,5,0.5,0.3738620938495132,0.3734088742511335,35
Ibuprofen,107,550,300,2.42,150,4.84,500,5,0.5,0.3738620938495132,0.3733992860254209,36
Ibuprofen,65,450,300,1.44,150,2.88,500,5,0.5,0.3056197726018489,0.3056453180011491,37
Ibuprofen,47,450,100,1.44,150,2.88,500,5,0.5,0.3056197726018489,0.3054382870403028,38
Ibuprofen,59,450,300,1.93,150,3.86,500,5,0.5,0.3056197726018489,0.305430442128356,39
Ibuprofen,53,450,100,2.42,150,4.84,500,5,0.5,0.3056197726018489,0.3052568014787572,40
Ibuprofen,41,450,100,1.93,150,3.86,500,5,0.5,0.3056197726018489,0.3052489565668105,41
Ibuprofen,71,450,300,2.42,150,4.84,500,5,0.5,0.3056197726018489,0.3052489565668105,42
Ibuprofen,5,350,100,1.93,150,3.86,500,5,0.5,0.2373774513541846,0.2373896545505461,43
Ibuprofen,29,350,300,1.44,150,2.88,500,5,0.5,0.2373774513541846,0.2373835529523653,44
Ibuprofen,35,350,300,2.42,150,4.84,500,5,0.5,0.2373774513541846,0.2373835529523653,45
Ibuprofen,11,350,100,1.44,150,2.88,500,5,0.5,0.2373774513541846,0.2373774513541846,46
Ibuprofen,17,350,100,2.42,150,4.84,500,5,0.5,0.2373774513541846,0.2373774513541846,47
Ibuprofen,23,350,300,1.93,150,3.86,500,5,0.5,0.2373774513541846,0.2372362959174269,48
Ibuprofen,118,650,100,1.44,150,2.88,150,5,0.5,0.131601853420305,0.1316120518058356,49
Ibuprofen,130,650,300,1.93,150,3.86,150,5,0.5,0.131601853420305,0.1316018534203049,50
Ibuprofen,136,650,300,1.44,150,2.88,150,5,0.5,0.131601853420305,0.1315308798881553,51
Ibuprofen,124,650,100,2.42,150,4.84,150,5,0.5,0.131601853420305,0.1314291972314402,52
Ibuprofen,112,650,100,1.93,150,3.86,150,5,0.5,0.131601853420305,0.1313539529499474,53
Ibuprofen,142,650,300,2.42,150,4.84,150,5,0.5,0.131601853420305,0.1313471540262603,54
Ibuprofen,82,550,100,1.44,150,2.88,150,5,0.5,0.1111291570460057,0.1111320335137196,55
Ibuprofen,88,550,100,2.42,150,4.84,150,5,0.5,0.1111291570460057,0.1111291570460058,56
Ibuprofen,94,550,300,1.93,150,3.86,150,5,0.5,0.1111291570460057,0.1111291570460058,57
Ibuprofen,100,550,300,1.44,150,2.88,150,5,0.5,0.1111291570460057,0.1111291570460058,58
Ibuprofen,76,550,100,1.93,150,3.86,150,5,0.5,0.1111291570460057,0.1110741182109609,59
Ibuprofen,106,550,300,2.42,150,4.84,150,5,0.5,0.1111291570460057,0.1110654888078195,60
Ibuprofen,46,450,100,1.44,150,2.88,150,5,0.5,0.0906564606717064,0.0906754766899272,61
Ibuprofen,58,450,300,1.93,150,3.86,150,5,0.5,0.0906564606717064,0.0906588141452902,62
Ibuprofen,52,450,100,2.42,150,4.84,150,5,0.5,0.0906564606717064,0.0906564606717062,63
Ibuprofen,40,450,100,1.93,150,3.86,150,5,0.5,0.0906564606717064,0.0906043684768265,64
Ibuprofen,70,450,300,2.42,150,4.84,150,5,0.5,0.0906564606717064,0.0906043684768265,65
Ibuprofen,64,450,300,1.44,150,2.88,150,5,0.5,0.0906564606717064,0.0905369294640306,66
Ibuprofen,123,650,100,2.42,50,4.84,900,5,0.5,0.0872443446093232,0.0871445997589992,67
Ibuprofen,135,650,300,1.44,50,2.88,900,5,0.5,0.0872443446093232,0.0871349536690832,68
Ibuprofen,117,650,100,1.44,50,2.88,900,5,0.5,0.0872443446093232,0.0871315067913091,69
Ibuprofen,111,650,100,1.93,50,3.86,900,5,0.5,0.0872443446093232,0.0870847908147547,70
Ibuprofen,141,650,300,2.42,50,4.84,900,5,0.5,0.0872443446093232,0.0870847908147547,71
Ibuprofen,129,650,300,1.93,50,3.86,900,5,0.5,0.0872443446093232,0.0870802581989633,72
Ibuprofen,99,550,300,1.44,50,2.88,900,5,0.5,0.0735958803597903,0.0736750678540726,73
Ibuprofen,93,550,300,1.93,50,3.86,900,5,0.5,0.0735958803597903,0.0736595733207074,74
Ibuprofen,105,550,300,2.42,50,4.84,900,5,0.5,0.0735958803597903,0.0736171278285832,75
Ibuprofen,81,550,100,1.44,50,2.88,900,5,0.5,0.0735958803597903,0.0736040424358731,76
Ibuprofen,87,550,100,2.42,50,4.84,900,5,0.5,0.0735958803597903,0.0735997156500754,77
Ibuprofen,75,550,100,1.93,50,3.86,900,5,0.5,0.0735958803597903,0.0735689294010314,78
Ibuprofen,16,350,100,2.42,150,4.84,150,5,0.5,0.0701837642974071,0.0701874252563154,79
Ibuprofen,10,350,100,1.44,150,2.88,150,5,0.5,0.0701837642974071,0.0701855947768612,80
Ibuprofen,22,350,300,1.93,150,3.86,150,5,0.5,0.0701837642974071,0.0701855947768612,81
Ibuprofen,34,350,300,2.42,150,4.84,150,5,0.5,0.0701837642974071,0.0701855947768612,82
Ibuprofen,4,350,100,1.93,150,3.86,150,5,0.5,0.0701837642974071,0.070183764297407,83
Ibuprofen,28,350,300,1.44,150,2.88,150,5,0.5,0.0701837642974071,0.070183764297407,84
Ibuprofen,57,450,300,1.93,50,3.86,900,5,0.5,0.0599474161102574,0.0599474161102574,85
Ibuprofen,63,450,300,1.44,50,2.88,900,5,0.5,0.0599474161102574,0.0599474161102574,86
Ibuprofen,51,450,100,2.42,50,4.84,900,5,0.5,0.0599474161102574,0.059909550015559,87
Ibuprofen,45,450,100,1.44,50,2.88,900,5,0.5,0.0599474161102574,0.0598716839208605,88
Ibuprofen,39,450,100,1.93,50,3.86,900,5,0.5,0.0599474161102574,0.0598338178261621,89
Ibuprofen,69,450,300,2.42,50,4.84,900,5,0.5,0.0599474161102574,0.0597580856367652,90
Ibuprofen,122,650,100,2.42,50,4.84,500,5,0.5,0.0478154478884505,0.0477546751438728,91
Ibuprofen,116,650,100,1.44,50,2.88,500,5,0.5,0.0478154478884505,0.0477242887715839,92
Ibuprofen,134,650,300,1.44,50,2.88,500,5,0.5,0.0478154478884505,0.0477242887715839,93
Ibuprofen,110,650,100,1.93,50,3.86,500,5,0.5,0.0478154478884505,0.0476919874671983,94
Ibuprofen,128,650,300,1.93,50,3.86,500,5,0.5,0.0478154478884505,0.0476907284072563,95
Ibuprofen,140,650,300,2.42,50,4.84,500,5,0.5,0.0478154478884505,0.0476603420349674,96
Ibuprofen,27,350,300,1.44,50,2.88,900,5,0.5,0.0462989518607246,0.0463323769964924,97
Ibuprofen,3,350,100,1.93,50,3.86,900,5,0.5,0.0462989518607246,0.0463001721803607,98
Ibuprofen,33,350,300,2.42,50,4.84,900,5,0.5,0.0462989518607246,0.0463001721803607,99
Ibuprofen,9,350,100,1.44,50,2.88,900,5,0.5,0.0462989518607246,0.0462989518607246,100
Ibuprofen,15,350,100,2.42,50,4.84,900,5,0.5,0.0462989518607246,0.0462989518607246,101
Ibuprofen,21,350,300,1.93,50,3.86,900,5,0.5,0.0462989518607246,0.0462989518607246,102
Ibuprofen,98,550,300,1.44,50,2.88,500,5,0.5,0.0402329677498211,0.0402683527281084,103
Ibuprofen,86,550,100,2.42,50,4.84,500,5,0.5,0.0402329677498211,0.0402621484239041,104
Ibuprofen,80,550,100,1.44,50,2.88,500,5,0.5,0.0402329677498211,0.0402361638250587,105
Ibuprofen,74,550,100,1.93,50,3.86,500,5,0.5,0.0402329677498211,0.0402350984666462,106
Ibuprofen,104,550,300,2.42,50,4.84,500,5,0.5,0.0402329677498211,0.0402350984666462,107
Ibuprofen,92,550,300,1.93,50,3.86,500,5,0.5,0.0402329677498211,0.0402340331082336,108
Ibuprofen,50,450,100,2.42,50,4.84,500,5,0.5,0.0326504876111917,0.0326504876111917,109
Ibuprofen,56,450,300,1.93,50,3.86,500,5,0.5,0.0326504876111917,0.0326303225487977,110
Ibuprofen,44,450,100,1.44,50,2.88,500,5,0.5,0.0326504876111917,0.0326294508919147,111
Ibuprofen,62,450,300,1.44,50,2.88,500,5,0.5,0.0326504876111917,0.0326294508919147,112
Ibuprofen,38,450,100,1.93,50,3.86,500,5,0.5,0.0326504876111917,0.0326084141726378,113
Ibuprofen,68,450,300,2.42,50,4.84,500,5,0.5,0.0326504876111917,0.0325873774533609,114
Ibuprofen,8,350,100,1.44,50,2.88,500,5,0.5,0.0250680074725624,0.0250686854279158,115
Ibuprofen,14,350,100,2.42,50,4.84,500,5,0.5,0.0250680074725624,0.0250680074725623,116
Ibuprofen,20,350,300,1.93,50,3.86,500,5,0.5,0.0250680074725624,0.0250680074725623,117
Ibuprofen,26,350,300,1.44,50,2.88,500,5,0.5,0.0250680074725624,0.0250195997496029,118
Ibuprofen,2,350,100,1.93,50,3.86,500,5,0.5,0.0250680074725624,0.0250189217942495,119
Ibuprofen,32,350,300,2.42,50,4.84,500,5,0.5,0.0250680074725624,0.0249868759640611,120
Ibuprofen,127,650,300,1.93,50,3.86,150,5,0.5,0.0133151632576868,0.0133155409756694,121
Ibuprofen,121,650,100,2.42,50,4.84,150,5,0.5,0.0133151632576868,0.0133151632576868,122
Ibuprofen,133,650,300,1.44,50,2.88,150,5,0.5,0.0133151632576868,0.0133151632576868,123
Ibuprofen,115,650,100,1.44,50,2.88,150,5,0.5,0.0133151632576868,0.0132871410910735,124
Ibuprofen,139,650,300,2.42,50,4.84,150,5,0.5,0.0133151632576868,0.0132517295938627,125
Ibuprofen,109,650,100,1.93,50,3.86,150,5,0.5,0.0133151632576868,0.0132513518758801,126
Ibuprofen,73,550,100,1.93,50,3.86,150,5,0.5,0.011040419216098,0.0110507151020604,127
Ibuprofen,85,550,100,2.42,50,4.84,150,5,0.5,0.011040419216098,0.0110491734183229,128
Ibuprofen,103,550,300,2.42,50,4.84,150,5,0.5,0.011040419216098,0.0110433212458492,129
Ibuprofen,97,550,300,1.44,50,2.88,150,5,0.5,0.011040419216098,0.0110417795621117,130
Ibuprofen,91,550,300,1.93,50,3.86,150,5,0.5,0.011040419216098,0.0110410584311455,131
Ibuprofen,79,550,100,1.44,50,2.88,150,5,0.5,0.011040419216098,0.0110407388236217,132
Ibuprofen,55,450,300,1.93,50,3.86,150,5,0.5,0.0087656751745092,0.0087680495624875,133
Ibuprofen,43,450,100,1.44,50,2.88,150,5,0.5,0.0087656751745092,0.0087659366715741,134
Ibuprofen,37,450,100,1.93,50,3.86,150,5,0.5,0.0087656751745092,0.0087656751745092,135
Ibuprofen,67,450,300,2.42,50,4.84,150,5,0.5,0.0087656751745092,0.008759625655791,136
Ibuprofen,61,450,300,1.44,50,2.88,150,5,0.5,0.0087656751745092,0.0087593641587261,137
Ibuprofen,49,450,100,2.42,50,4.84,150,5,0.5,0.0087656751745092,0.0087523939292119,138
Ibuprofen,1,350,100,1.93,50,3.86,150,5,0.5,0.0064909311329204,0.006497483060351,139
Ibuprofen,31,350,300,2.42,50,4.84,150,5,0.5,0.0064909311329204,0.0064965019888816,140
Ibuprofen,13,350,100,2.42,50,4.84,150,5,0.5,0.0064909311329204,0.0064913379061324,141
Ibuprofen,19,350,300,1.93,50,3.86,150,5,0.5,0.0064909311329204,0.0064911345195264,142
Ibuprofen,7,350,100,1.44,50,2.88,150,5,0.5,0.0064909311329204,0.0064909311329203,143
Ibuprofen,25,350,300,1.44,50,2.88,150,5,0.5,0.0064909311329204,0.0064763028674537,144
Lidocaine,120,650,100,1.44,150,2.88,900,5,0.5,0.7477385624770415,0.7477385624770405,1
Lidocaine,138,650,300,1.44,150,2.88,900,5,0.5,0.7477385624770415,0.7471948845749323,2
Lidocaine,114,650,100,1.93,150,3.86,900,5,0.5,0.7477385624770415,0.7471948845749321,3
Lidocaine,126,650,100,2.42,150,4.84,900,5,0.5,0.7477385624770415,0.7471948845749321,4
Lidocaine,132,650,300,1.93,150,3.86,900,5,0.5,0.7477385624770415,0.7471948845749321,5
Lidocaine,144,650,300,2.42,150,4.84,900,5,0.5,0.7477385624770415,0.7471948845749321,6
Lidocaine,78,550,100,1.93,150,3.86,900,5,0.5,0.6324756031709367,0.6337251842959869,7
Lidocaine,108,550,300,2.42,150,4.84,900,5,0.5,0.6324756031709367,0.6337251842959869,8
Lidocaine,102,550,300,1.44,150,2.88,900,5,0.5,0.6324756031709367,0.6328921302126209,9
Lidocaine,90,550,100,2.42,150,4.84,900,5,0.5,0.6324756031709367,0.632475603170938,10
Lidocaine,96,550,300,1.93,150,3.86,900,5,0.5,0.6324756031709367,0.632475603170938,11
Lidocaine,84,550,100,1.44,150,2.88,900,5,0.5,0.6324756031709367,0.6320155680230002,12
Lidocaine,42,450,100,1.93,150,3.86,900,5,0.5,0.5172126438648318,0.517212643864831,13
Lidocaine,48,450,100,1.44,150,2.88,900,5,0.5,0.5172126438648318,0.517212643864831,14
Lidocaine,66,450,300,1.44,150,2.88,900,5,0.5,0.5172126438648318,0.517212643864831,15
Lidocaine,72,450,300,2.42,150,4.84,900,5,0.5,0.5172126438648318,0.517212643864831,16
Lidocaine,54,450,100,2.42,150,4.84,900,5,0.5,0.5172126438648318,0.5168362514710637,17
Lidocaine,60,450,300,1.93,150,3.86,900,5,0.5,0.5172126438648318,0.5168147747710867,18
Lidocaine,119,650,100,1.44,150,2.88,500,5,0.5,0.4147566800371829,0.4147566800371835,19
Lidocaine,113,650,100,1.93,150,3.86,500,5,0.5,0.4147566800371829,0.4147281141088344,20
Lidocaine,125,650,100,2.42,150,4.84,500,5,0.5,0.4147566800371829,0.4147281141088344,21
Lidocaine,143,650,300,2.42,150,4.84,500,5,0.5,0.4147566800371829,0.4144546367582344,22
Lidocaine,131,650,300,1.93,150,3.86,500,5,0.5,0.4147566800371829,0.4141525934792854,23
Lidocaine,137,650,300,1.44,150,2.88,500,5,0.5,0.4147566800371829,0.4141525934792854,24
Lidocaine,18,350,100,2.42,150,4.84,900,5,0.5,0.4019496845587268,0.4024798098845055,25
Lidocaine,12,350,100,1.44,150,2.88,900,5,0.5,0.4019496845587268,0.4022147472216163,26
Lidocaine,30,350,300,1.44,150,2.88,900,5,0.5,0.4019496845587268,0.4022147472216163,27
Lidocaine,6,350,100,1.93,150,3.86,900,5,0.5,0.4019496845587268,0.4021870602449088,28
Lidocaine,36,350,300,2.42,150,4.84,900,5,0.5,0.4019496845587268,0.4021870602449088,29
Lidocaine,24,350,300,1.93,150,3.86,900,5,0.5,0.4019496845587268,0.4016569349191304,30
Lidocaine,95,550,300,1.93,150,3.86,500,5,0.5,0.3507217026449024,0.3511845104689955,31
Lidocaine,77,550,100,1.93,150,3.86,500,5,0.5,0.3507217026449024,0.3509531065569494,32
Lidocaine,83,550,100,1.44,150,2.88,500,5,0.5,0.3507217026449024,0.3509531065569494,33
Lidocaine,89,550,100,2.42,150,4.84,500,5,0.5,0.3507217026449024,0.3509531065569494,34
Lidocaine,107,550,300,2.42,150,4.84,500,5,0.5,0.3507217026449024,0.3509531065569494,35
Lidocaine,101,550,300,1.44,150,2.88,500,5,0.5,0.3507217026449024,0.3507217026449033,36
Lidocaine,65,450,300,1.44,150,2.88,500,5,0.5,0.2866867252526219,0.2868760557261142,37
Lidocaine,41,450,100,1.93,150,3.86,500,5,0.5,0.2866867252526219,0.2866867252526219,38
Lidocaine,47,450,100,1.44,150,2.88,500,5,0.5,0.2866867252526219,0.2866867252526219,39
Lidocaine,71,450,300,2.42,150,4.84,500,5,0.5,0.2866867252526219,0.2866867252526219,40
Lidocaine,53,450,100,2.42,150,4.84,500,5,0.5,0.2866867252526219,0.2864776183671956,41
Lidocaine,59,450,300,1.93,150,3.86,500,5,0.5,0.2866867252526219,0.2860594045963431,42
Lidocaine,5,350,100,1.93,150,3.86,500,5,0.5,0.2226517478603414,0.2235352900699717,43
Lidocaine,35,350,300,2.42,150,4.84,500,5,0.5,0.2226517478603414,0.2235352900699717,44
Lidocaine,23,350,300,1.93,150,3.86,500,5,0.5,0.2226517478603414,0.2227990048952795,45
Lidocaine,11,350,100,1.44,150,2.88,500,5,0.5,0.2226517478603414,0.222651747860341,46
Lidocaine,17,350,100,2.42,150,4.84,500,5,0.5,0.2226517478603414,0.222651747860341,47
Lidocaine,29,350,300,1.44,150,2.88,500,5,0.5,0.2226517478603414,0.222651747860341,48
Lidocaine,136,650,300,1.44,150,2.88,150,5,0.5,0.1233975329023066,0.1233914630183273,49
Lidocaine,118,650,100,1.44,150,2.88,150,5,0.5,0.1233975329023066,0.1233069199186217,50
Lidocaine,124,650,100,2.42,150,4.84,150,5,0.5,0.1233975329023066,0.1233069199186217,51
Lidocaine,130,650,300,1.93,150,3.86,150,5,0.5,0.1233975329023066,0.1232743375973378,52
Lidocaine,112,650,100,1.93,150,3.86,150,5,0.5,0.1233975329023066,0.1230350809675676,53
Lidocaine,142,650,300,2.42,150,4.84,150,5,0.5,0.1233975329023066,0.1230350809675676,54
Lidocaine,94,550,300,1.93,150,3.86,150,5,0.5,0.1041870396846224,0.1043258820318501,55
Lidocaine,76,550,100,1.93,150,3.86,150,5,0.5,0.1041870396846224,0.1042564608582363,56
Lidocaine,100,550,300,1.44,150,2.88,150,5,0.5,0.1041870396846224,0.1042564608582363,57
Lidocaine,106,550,300,2.42,150,4.84,150,5,0.5,0.1041870396846224,0.1042564608582363,58
Lidocaine,88,550,100,2.42,150,4.84,150,5,0.5,0.1041870396846224,0.1042492095071939,59
Lidocaine,82,550,100,1.44,150,2.88,150,5,0.5,0.1041870396846224,0.10417978833358,60
Lidocaine,46,450,100,1.44,150,2.88,150,5,0.5,0.0849765464669383,0.0849765464669383,61
Lidocaine,52,450,100,2.42,150,4.84,150,5,0.5,0.0849765464669383,0.0849765464669383,62
Lidocaine,58,450,300,1.93,150,3.86,150,5,0.5,0.0849765464669383,0.0849765464669383,63
Lidocaine,64,450,300,1.44,150,2.88,150,5,0.5,0.0849765464669383,0.0849765464669383,64
Lidocaine,70,450,300,2.42,150,4.84,150,5,0.5,0.0849765464669383,0.0849138144013104,65
Lidocaine,40,450,100,1.93,150,3.86,150,5,0.5,0.0849765464669383,0.0848510823356826,66
Lidocaine,135,650,300,1.44,50,2.88,900,5,0.5,0.0817747975973243,0.0817747975973243,67
Lidocaine,129,650,300,1.93,50,3.86,900,5,0.5,0.0817747975973243,0.0817690844116545,68
Lidocaine,111,650,100,1.93,50,3.86,900,5,0.5,0.0817747975973243,0.0817143889415345,69
Lidocaine,117,650,100,1.44,50,2.88,900,5,0.5,0.0817747975973243,0.0817143889415345,70
Lidocaine,141,650,300,2.42,50,4.84,900,5,0.5,0.0817747975973243,0.0816539802857447,71
Lidocaine,123,650,100,2.42,50,4.84,900,5,0.5,0.0817747975973243,0.0816498101314828,72
Lidocaine,105,550,300,2.42,50,4.84,900,5,0.5,0.0689678021188681,0.0691085621112382,73
Lidocaine,75,550,100,1.93,50,3.86,900,5,0.5,0.0689678021188681,0.0690622813288289,74
Lidocaine,87,550,100,2.42,50,4.84,900,5,0.5,0.0689678021188681,0.0690603636836864,75
Lidocaine,93,550,300,1.93,50,3.86,900,5,0.5,0.0689678021188681,0.0690603636836864,76
Lidocaine,81,550,100,1.44,50,2.88,900,5,0.5,0.0689678021188681,0.0690140829012772,77
Lidocaine,99,550,300,1.44,50,2.88,900,5,0.5,0.0689678021188681,0.068967802118868,78
Lidocaine,4,350,100,1.93,150,3.86,150,5,0.5,0.0657660532492541,0.065854407470217,79
Lidocaine,34,350,300,2.42,150,4.84,150,5,0.5,0.0657660532492541,0.065854407470217,80
Lidocaine,10,350,100,1.44,150,2.88,150,5,0.5,0.0657660532492541,0.0657660532492539,81
Lidocaine,16,350,100,2.42,150,4.84,150,5,0.5,0.0657660532492541,0.0657660532492539,82
Lidocaine,22,350,300,1.93,150,3.86,150,5,0.5,0.0657660532492541,0.0657660532492539,83
Lidocaine,28,350,300,1.44,150,2.88,150,5,0.5,0.0657660532492541,0.0657172616426545,84
Lidocaine,63,450,300,1.44,50,2.88,900,5,0.5,0.056160806640412,0.0561986727351103,85
Lidocaine,51,450,100,2.42,50,4.84,900,5,0.5,0.056160806640412,0.0561608066404118,86
Lidocaine,57,450,300,1.93,50,3.86,900,5,0.5,0.056160806640412,0.0561608066404118,87
Lidocaine,45,450,100,1.44,50,2.88,900,5,0.5,0.056160806640412,0.0561189852633266,88
Lidocaine,39,450,100,1.93,50,3.86,900,5,0.5,0.056160806640412,0.056111074698553,89
Lidocaine,69,450,300,2.42,50,4.84,900,5,0.5,0.056160806640412,0.0559935211320708,90
Lidocaine,122,650,100,2.42,50,4.84,500,5,0.5,0.0447768106595622,0.0448071970318511,91
Lidocaine,116,650,100,1.44,50,2.88,500,5,0.5,0.0447768106595622,0.0447768106595622,92
Lidocaine,134,650,300,1.44,50,2.88,500,5,0.5,0.0447768106595622,0.0447768106595622,93
Lidocaine,128,650,300,1.93,50,3.86,500,5,0.5,0.0447768106595622,0.0447432502952346,94
Lidocaine,110,650,100,1.93,50,3.86,500,5,0.5,0.0447768106595622,0.0447400763031958,95
Lidocaine,140,650,300,2.42,50,4.84,500,5,0.5,0.0447768106595622,0.0447096899309069,96
Lidocaine,3,350,100,1.93,50,3.86,900,5,0.5,0.0433538111619559,0.0434127139759313,97
Lidocaine,33,350,300,2.42,50,4.84,900,5,0.5,0.0433538111619559,0.0434127139759313,98
Lidocaine,15,350,100,2.42,50,4.84,900,5,0.5,0.0433538111619559,0.0433832625689436,99
Lidocaine,9,350,100,1.44,50,2.88,900,5,0.5,0.0433538111619559,0.0433538111619559,100
Lidocaine,21,350,300,1.93,50,3.86,900,5,0.5,0.0433538111619559,0.0433538111619559,101
Lidocaine,27,350,300,1.44,50,2.88,900,5,0.5,0.0433538111619559,0.0433538111619559,102
Lidocaine,74,550,100,1.93,50,3.86,500,5,0.5,0.037661813171531,0.0377646593546625,103
Lidocaine,104,550,300,2.42,50,4.84,500,5,0.5,0.037661813171531,0.0377646593546625,104
Lidocaine,86,550,100,2.42,50,4.84,500,5,0.5,0.037661813171531,0.0377132362630967,105
Lidocaine,80,550,100,1.44,50,2.88,500,5,0.5,0.037661813171531,0.0376618131715309,106
Lidocaine,92,550,300,1.93,50,3.86,500,5,0.5,0.037661813171531,0.0376618131715309,107
Lidocaine,98,550,300,1.44,50,2.88,500,5,0.5,0.037661813171531,0.0376618131715309,108
Lidocaine,56,450,300,1.93,50,3.86,500,5,0.5,0.0305468156834998,0.0305888891220535,109
Lidocaine,44,450,100,1.44,50,2.88,500,5,0.5,0.0305468156834998,0.0305468156834997,110
Lidocaine,50,450,100,2.42,50,4.84,500,5,0.5,0.0305468156834998,0.0305468156834997,111
Lidocaine,62,450,300,1.44,50,2.88,500,5,0.5,0.0305468156834998,0.030523581585119,112
Lidocaine,38,450,100,1.93,50,3.86,500,5,0.5,0.0305468156834998,0.0305213842060152,113
Lidocaine,68,450,300,2.42,50,4.84,500,5,0.5,0.0305468156834998,0.0305003474867383,114
Lidocaine,2,350,100,1.93,50,3.86,500,5,0.5,0.0234318181954687,0.0235136276593233,115
Lidocaine,32,350,300,2.42,50,4.84,500,5,0.5,0.0234318181954687,0.0234815818291349,116
Lidocaine,20,350,300,1.93,50,3.86,500,5,0.5,0.0234318181954687,0.0234645419810105,117
Lidocaine,26,350,300,1.44,50,2.88,500,5,0.5,0.0234318181954687,0.0234481800882396,118
Lidocaine,8,350,100,1.44,50,2.88,500,5,0.5,0.0234318181954687,0.0234318181954686,119
Lidocaine,14,350,100,2.42,50,4.84,500,5,0.5,0.0234318181954687,0.0234318181954686,120
Lidocaine,115,650,100,1.44,50,2.88,150,5,0.5,0.0124035720890204,0.0124035720890203,121
Lidocaine,121,650,100,2.42,50,4.84,150,5,0.5,0.0124035720890204,0.0124035720890203,122
Lidocaine,109,650,100,1.93,50,3.86,150,5,0.5,0.0124035720890204,0.012393503979722,123
Lidocaine,127,650,300,1.93,50,3.86,150,5,0.5,0.0124035720890204,0.012393503979722,124
Lidocaine,133,650,300,1.44,50,2.88,150,5,0.5,0.0124035720890204,0.012393503979722,125
Lidocaine,139,650,300,2.42,50,4.84,150,5,0.5,0.0124035720890204,0.012393503979722,126
Lidocaine,73,550,100,1.93,50,3.86,150,5,0.5,0.010269072842611,0.0102844997700807,127
Lidocaine,79,550,100,1.44,50,2.88,150,5,0.5,0.010269072842611,0.0102844997700807,128
Lidocaine,85,550,100,2.42,50,4.84,150,5,0.5,0.010269072842611,0.0102767863063458,129
Lidocaine,97,550,300,1.44,50,2.88,150,5,0.5,0.010269072842611,0.0102767863063458,130
Lidocaine,103,550,300,2.42,50,4.84,150,5,0.5,0.010269072842611,0.0102767863063458,131
Lidocaine,91,550,300,1.93,50,3.86,150,5,0.5,0.010269072842611,0.010269072842611,132
Lidocaine,49,450,100,2.42,50,4.84,150,5,0.5,0.0081345735962017,0.0081345735962017,133
Lidocaine,55,450,300,1.93,50,3.86,150,5,0.5,0.0081345735962017,0.0081345735962017,134
Lidocaine,61,450,300,1.44,50,2.88,150,5,0.5,0.0081345735962017,0.0081339143824705,135
Lidocaine,37,450,100,1.93,50,3.86,150,5,0.5,0.0081345735962017,0.0081302749435831,136
Lidocaine,43,450,100,1.44,50,2.88,150,5,0.5,0.0081345735962017,0.0081276033666874,137
Lidocaine,67,450,300,2.42,50,4.84,150,5,0.5,0.0081345735962017,0.0081239639278,138
Lidocaine,1,350,100,1.93,50,3.86,150,5,0.5,0.0060000743497923,0.0060098914854548,139
Lidocaine,31,350,300,2.42,50,4.84,150,5,0.5,0.0060000743497923,0.0060098914854548,140
Lidocaine,7,350,100,1.44,50,2.88,150,5,0.5,0.0060000743497923,0.0060000743497923,141
Lidocaine,13,350,100,2.42,50,4.84,150,5,0.5,0.0060000743497923,0.0060000743497923,142
Lidocaine,19,350,300,1.93,50,3.86,150,5,0.5,0.0060000743497923,0.0060000743497923,143
Lidocaine,25,350,300,1.44,50,2.88,150,5,0.5,0.0060000743497923,0.0060000743497923,144
Paroxetine,114,650,100,1.93,150,3.86,900,5,0.5,0.6303989382157416,0.6304474472657802,1
Paroxetine,120,650,100,1.44,150,2.88,900,5,0.5,0.6303989382157416,0.6304474472657802,2
Paroxetine,126,650,100,2.42,150,4.84,900,5,0.5,0.6303989382157416,0.6303989382157412,3
Paroxetine,132,650,300,1.93,150,3.86,900,5,0.5,0.6303989382157416,0.6303989382157412,4
Paroxetine,138,650,300,1.44,150,2.88,900,5,0.5,0.6303989382157416,0.6303989382157412,5
Paroxetine,144,650,300,2.42,150,4.84,900,5,0.5,0.6303989382157416,0.6303989382157412,6
Paroxetine,78,550,100,1.93,150,3.86,900,5,0.5,0.5331882287959906,0.5333524132730462,7
Paroxetine,96,550,300,1.93,150,3.86,900,5,0.5,0.5331882287959906,0.5332703210345187,8
Paroxetine,84,550,100,1.44,150,2.88,900,5,0.5,0.5331882287959906,0.533229274915255,9
Paroxetine,90,550,100,2.42,150,4.84,900,5,0.5,0.5331882287959906,0.533229274915255,10
Paroxetine,102,550,300,1.44,150,2.88,900,5,0.5,0.5331882287959906,0.533229274915255,11
Paroxetine,108,550,300,2.42,150,4.84,900,5,0.5,0.5331882287959906,0.533229274915255,12
Paroxetine,72,450,300,2.42,150,4.84,900,5,0.5,0.4359775193762394,0.436078268941705,13
Paroxetine,42,450,100,1.93,150,3.86,900,5,0.5,0.4359775193762394,0.4360111025647279,14
Paroxetine,60,450,300,1.93,150,3.86,900,5,0.5,0.4359775193762394,0.4360111025647279,15
Paroxetine,54,450,100,2.42,150,4.84,900,5,0.5,0.4359775193762394,0.4360111025647278,16
Paroxetine,48,450,100,1.44,150,2.88,900,5,0.5,0.4359775193762394,0.4359775193762394,17
Paroxetine,66,450,300,1.44,150,2.88,900,5,0.5,0.4359775193762394,0.4359775193762394,18
Paroxetine,113,650,100,1.93,150,3.86,500,5,0.5,0.3495679998920163,0.3496488483087482,19
Paroxetine,125,650,100,2.42,150,4.84,500,5,0.5,0.3495679998920163,0.3496488483087482,20
Paroxetine,131,650,300,1.93,150,3.86,500,5,0.5,0.3495679998920163,0.3496488483087482,21
Paroxetine,143,650,300,2.42,150,4.84,500,5,0.5,0.3495679998920163,0.3496218988365044,22
Paroxetine,137,650,300,1.44,150,2.88,500,5,0.5,0.3495679998920163,0.3495949493642605,23
Paroxetine,119,650,100,1.44,150,2.88,500,5,0.5,0.3495679998920163,0.3495679998920166,24
Paroxetine,6,350,100,1.93,150,3.86,900,5,0.5,0.3387668099564884,0.3388451707296287,25
Paroxetine,36,350,300,2.42,150,4.84,900,5,0.5,0.3387668099564884,0.3388451707296287,26
Paroxetine,18,350,100,2.42,150,4.84,900,5,0.5,0.3387668099564884,0.3388190504719154,27
Paroxetine,24,350,300,1.93,150,3.86,900,5,0.5,0.3387668099564884,0.3387929302142021,28
Paroxetine,30,350,300,1.44,150,2.88,900,5,0.5,0.3387668099564884,0.3387929302142021,29
Paroxetine,12,350,100,1.44,150,2.88,900,5,0.5,0.3387668099564884,0.3387668099564889,30
Paroxetine,107,550,300,2.42,150,4.84,500,5,0.5,0.2955620502143768,0.2956532638127401,31
Paroxetine,77,550,100,1.93,150,3.86,500,5,0.5,0.2955620502143768,0.2956076570135581,32
Paroxetine,83,550,100,1.44,150,2.88,500,5,0.5,0.2955620502143768,0.295607657013558,33
Paroxetine,89,550,100,2.42,150,4.84,500,5,0.5,0.2955620502143768,0.295607657013558,34
Paroxetine,95,550,300,1.93,150,3.86,500,5,0.5,0.2955620502143768,0.2955848536139671,35
Paroxetine,101,550,300,1.44,150,2.88,500,5,0.5,0.2955620502143768,0.2955848536139671,36
Paroxetine,59,450,300,1.93,150,3.86,500,5,0.5,0.2415561005367373,0.2415934151906134,37
Paroxetine,41,450,100,1.93,150,3.86,500,5,0.5,0.2415561005367373,0.2415747578636753,38
Paroxetine,65,450,300,1.44,150,2.88,500,5,0.5,0.2415561005367373,0.2415747578636753,39
Paroxetine,47,450,100,1.44,150,2.88,500,5,0.5,0.2415561005367373,0.2415561005367373,40
Paroxetine,53,450,100,2.42,150,4.84,500,5,0.5,0.2415561005367373,0.2415561005367373,41
Paroxetine,71,450,300,2.42,150,4.84,500,5,0.5,0.2415561005367373,0.2415561005367373,42
Paroxetine,5,350,100,1.93,150,3.86,500,5,0.5,0.1875501508590978,0.1875936846219533,43
Paroxetine,35,350,300,2.42,150,4.84,500,5,0.5,0.1875501508590978,0.1875791733676682,44
Paroxetine,17,350,100,2.42,150,4.84,500,5,0.5,0.1875501508590978,0.1875791733676681,45
Paroxetine,11,350,100,1.44,150,2.88,500,5,0.5,0.1875501508590978,0.187564662113383,46
Paroxetine,29,350,300,1.44,150,2.88,500,5,0.5,0.1875501508590978,0.187564662113383,47
Paroxetine,23,350,300,1.93,150,3.86,500,5,0.5,0.1875501508590978,0.1875501508590978,48
Paroxetine,112,650,100,1.93,150,3.86,150,5,0.5,0.1038409288587566,0.1038651833837762,49
Paroxetine,118,650,100,1.44,150,2.88,150,5,0.5,0.1038409288587566,0.1038490137004299,50
Paroxetine,136,650,300,1.44,150,2.88,150,5,0.5,0.1038409288587566,0.1038490137004299,51
Paroxetine,142,650,300,2.42,150,4.84,150,5,0.5,0.1038409288587566,0.1038490137004299,52
Paroxetine,124,650,100,2.42,150,4.84,150,5,0.5,0.1038409288587566,0.1038409288587567,53
Paroxetine,130,650,300,1.93,150,3.86,150,5,0.5,0.1038409288587566,0.1038409288587567,54
Paroxetine,76,550,100,1.93,150,3.86,150,5,0.5,0.0876391439554647,0.0876528259952193,55
Paroxetine,106,550,300,2.42,150,4.84,150,5,0.5,0.0876391439554647,0.0876528259952193,56
Paroxetine,82,550,100,1.44,150,2.88,150,5,0.5,0.0876391439554647,0.087645984975342,57
Paroxetine,88,550,100,2.42,150,4.84,150,5,0.5,0.0876391439554647,0.0876391439554647,58
Paroxetine,94,550,300,1.93,150,3.86,150,5,0.5,0.0876391439554647,0.0876391439554647,59
Paroxetine,100,550,300,1.44,150,2.88,150,5,0.5,0.0876391439554647,0.0876391439554647,60
Paroxetine,52,450,100,2.42,150,4.84,150,5,0.5,0.0714373590521729,0.0714429562502544,61
Paroxetine,64,450,300,1.44,150,2.88,150,5,0.5,0.0714373590521729,0.0714429562502544,62
Paroxetine,40,450,100,1.93,150,3.86,150,5,0.5,0.0714373590521729,0.071437359052173,63
Paroxetine,46,450,100,1.44,150,2.88,150,5,0.5,0.0714373590521729,0.071437359052173,64
Paroxetine,58,450,300,1.93,150,3.86,150,5,0.5,0.0714373590521729,0.071437359052173,65
Paroxetine,70,450,300,2.42,150,4.84,150,5,0.5,0.0714373590521729,0.071437359052173,66
Paroxetine,111,650,100,1.93,50,3.86,900,5,0.5,0.0687370615682909,0.0687532312516371,67
Paroxetine,117,650,100,1.44,50,2.88,900,5,0.5,0.0687370615682909,0.0687532312516371,68
Paroxetine,123,650,100,2.42,50,4.84,900,5,0.5,0.0687370615682909,0.0687478413571883,69
Paroxetine,141,650,300,2.42,50,4.84,900,5,0.5,0.0687370615682909,0.0687478413571883,70
Paroxetine,129,650,300,1.93,50,3.86,900,5,0.5,0.0687370615682909,0.0687424514627395,71
Paroxetine,135,650,300,1.44,50,2.88,900,5,0.5,0.0687370615682909,0.0687370615682907,72
Paroxetine,75,550,100,1.93,50,3.86,900,5,0.5,0.057935871632763,0.0579449929925993,73
Paroxetine,87,550,100,2.42,50,4.84,900,5,0.5,0.057935871632763,0.0579449929925993,74
Paroxetine,93,550,300,1.93,50,3.86,900,5,0.5,0.057935871632763,0.0579449929925993,75
Paroxetine,99,550,300,1.44,50,2.88,900,5,0.5,0.057935871632763,0.0579404323126811,76
Paroxetine,105,550,300,2.42,50,4.84,900,5,0.5,0.057935871632763,0.0579404323126811,77
Paroxetine,81,550,100,1.44,50,2.88,900,5,0.5,0.057935871632763,0.0579358716327629,78
Paroxetine,4,350,100,1.93,150,3.86,150,5,0.5,0.055235574148881,0.0552486342777376,79
Paroxetine,34,350,300,2.42,150,4.84,150,5,0.5,0.055235574148881,0.0552442809014521,80
Paroxetine,10,350,100,1.44,150,2.88,150,5,0.5,0.055235574148881,0.0552399275251665,81
Paroxetine,16,350,100,2.42,150,4.84,150,5,0.5,0.055235574148881,0.0552399275251665,82
Paroxetine,22,350,300,1.93,150,3.86,150,5,0.5,0.055235574148881,0.055235574148881,83
Paroxetine,28,350,300,1.44,150,2.88,150,5,0.5,0.055235574148881,0.055235574148881,84
Paroxetine,69,450,300,2.42,50,4.84,900,5,0.5,0.0471346816972351,0.0471458760933978,85
Paroxetine,57,450,300,1.93,50,3.86,900,5,0.5,0.0471346816972351,0.0471421446280102,86
Paroxetine,39,450,100,1.93,50,3.86,900,5,0.5,0.0471346816972351,0.0471384131626226,87
Paroxetine,45,450,100,1.44,50,2.88,900,5,0.5,0.0471346816972351,0.0471384131626226,88
Paroxetine,51,450,100,2.42,50,4.84,900,5,0.5,0.0471346816972351,0.0471384131626226,89
Paroxetine,63,450,300,1.44,50,2.88,900,5,0.5,0.0471346816972351,0.0471384131626226,90
Paroxetine,110,650,100,1.93,50,3.86,500,5,0.5,0.0375336239767659,0.0375456015199854,91
Paroxetine,140,650,300,2.42,50,4.84,500,5,0.5,0.0375336239767659,0.0375426071341805,92
Paroxetine,116,650,100,1.44,50,2.88,500,5,0.5,0.0375336239767659,0.0375366183625708,93
Paroxetine,122,650,100,2.42,50,4.84,500,5,0.5,0.0375336239767659,0.0375366183625708,94
Paroxetine,134,650,300,1.44,50,2.88,500,5,0.5,0.0375336239767659,0.0375366183625708,95
Paroxetine,128,650,300,1.93,50,3.86,500,5,0.5,0.0375336239767659,0.0375336239767659,96
Paroxetine,33,350,300,2.42,50,4.84,900,5,0.5,0.0363334917617072,0.0363451007651354,97
Paroxetine,3,350,100,1.93,50,3.86,900,5,0.5,0.0363334917617072,0.0363392962634213,98
Paroxetine,21,350,300,1.93,50,3.86,900,5,0.5,0.0363334917617072,0.0363392962634213,99
Paroxetine,27,350,300,1.44,50,2.88,900,5,0.5,0.0363334917617072,0.0363363940125643,100
Paroxetine,9,350,100,1.44,50,2.88,900,5,0.5,0.0363334917617072,0.0363334917617072,101
Paroxetine,15,350,100,2.42,50,4.84,900,5,0.5,0.0363334917617072,0.0363334917617072,102
Paroxetine,74,550,100,1.93,50,3.86,500,5,0.5,0.0315329629014726,0.0315380303236039,103
Paroxetine,104,550,300,2.42,50,4.84,500,5,0.5,0.0315329629014726,0.0315380303236039,104
Paroxetine,86,550,100,2.42,50,4.84,500,5,0.5,0.0315329629014726,0.0315354966125383,105
Paroxetine,80,550,100,1.44,50,2.88,500,5,0.5,0.0315329629014726,0.0315329629014726,106
Paroxetine,92,550,300,1.93,50,3.86,500,5,0.5,0.0315329629014726,0.0315329629014726,107
Paroxetine,98,550,300,1.44,50,2.88,500,5,0.5,0.0315329629014726,0.0315329629014726,108
Paroxetine,62,450,300,1.44,50,2.88,500,5,0.5,0.0255323018261793,0.0255416246998799,109
Paroxetine,68,450,300,2.42,50,4.84,500,5,0.5,0.0255323018261793,0.0255385209351586,110
Paroxetine,38,450,100,1.93,50,3.86,500,5,0.5,0.0255323018261793,0.0255364478988321,111
Paroxetine,50,450,100,2.42,50,4.84,500,5,0.5,0.0255323018261793,0.0255343748625057,112
Paroxetine,56,450,300,1.93,50,3.86,500,5,0.5,0.0255323018261793,0.0255343748625057,113
Paroxetine,44,450,100,1.44,50,2.88,500,5,0.5,0.0255323018261793,0.0255323018261792,114
Paroxetine,8,350,100,1.44,50,2.88,500,5,0.5,0.019531640750886,0.0195348654740605,115
Paroxetine,14,350,100,2.42,50,4.84,500,5,0.5,0.019531640750886,0.0195348654740605,116
Paroxetine,20,350,300,1.93,50,3.86,500,5,0.5,0.019531640750886,0.0195348654740605,117
Paroxetine,32,350,300,2.42,50,4.84,500,5,0.5,0.019531640750886,0.0195348654740605,118
Paroxetine,2,350,100,1.93,50,3.86,500,5,0.5,0.019531640750886,0.0195332531124732,119
Paroxetine,26,350,300,1.44,50,2.88,500,5,0.5,0.019531640750886,0.019531640750886,120
Paroxetine,121,650,100,2.42,50,4.84,150,5,0.5,0.0102306160841815,0.0102315143999229,121
Paroxetine,109,650,100,1.93,50,3.86,150,5,0.5,0.0102306160841815,0.0102306160841815,122
Paroxetine,127,650,300,1.93,50,3.86,150,5,0.5,0.0102306160841815,0.0102306160841815,123
Paroxetine,133,650,300,1.44,50,2.88,150,5,0.5,0.0102306160841815,0.0102306160841815,124
Paroxetine,139,650,300,2.42,50,4.84,150,5,0.5,0.0102306160841815,0.0102306160841815,125
Paroxetine,115,650,100,1.44,50,2.88,150,5,0.5,0.0102306160841815,0.0102221339480546,126
Paroxetine,73,550,100,1.93,50,3.86,150,5,0.5,0.0084304177615935,0.0084334582148722,127
Paroxetine,103,550,300,2.42,50,4.84,150,5,0.5,0.0084304177615935,0.0084334582148722,128
Paroxetine,91,550,300,1.93,50,3.86,150,5,0.5,0.0084304177615935,0.0084311778749131,129
Paroxetine,79,550,100,1.44,50,2.88,150,5,0.5,0.0084304177615935,0.0084304177615934,130
Paroxetine,85,550,100,2.42,50,4.84,150,5,0.5,0.0084304177615935,0.0084304177615934,131
Paroxetine,97,550,300,1.44,50,2.88,150,5,0.5,0.0084304177615935,0.0084304177615934,132
Paroxetine,37,450,100,1.93,50,3.86,150,5,0.5,0.0066302194390055,0.0066320851716993,133
Paroxetine,55,450,300,1.93,50,3.86,150,5,0.5,0.0066302194390055,0.0066320851716993,134
Paroxetine,67,450,300,2.42,50,4.84,150,5,0.5,0.0066302194390055,0.0066308413499034,135
Paroxetine,43,450,100,1.44,50,2.88,150,5,0.5,0.0066302194390055,0.0066302194390055,136
Paroxetine,49,450,100,2.42,50,4.84,150,5,0.5,0.0066302194390055,0.0066302194390055,137
Paroxetine,61,450,300,1.44,50,2.88,150,5,0.5,0.0066302194390055,0.0066302194390055,138
Paroxetine,1,350,100,1.93,50,3.86,150,5,0.5,0.0048300211164175,0.0048319559503221,139
Paroxetine,31,350,300,2.42,50,4.84,150,5,0.5,0.0048300211164175,0.0048319559503221,140
Paroxetine,13,350,100,2.42,50,4.84,150,5,0.5,0.0048300211164175,0.004831472241846,141
Paroxetine,7,350,100,1.44,50,2.88,150,5,0.5,0.0048300211164175,0.0048309885333698,142
Paroxetine,25,350,300,1.44,50,2.88,150,5,0.5,0.0048300211164175,0.0048305048248936,143
Paroxetine,19,350,300,1.93,50,3.86,150,5,0.5,0.0048300211164175,0.0048300211164175,144
