Rank,Drug,MW_g_mol,Design_ID,Length_um,Base_size_um,Tip_diameter_um,Inner_diameter_um,Cone_radius_um,Density_cm2,Insertion_speed_mm_s,Concentration_pct,J_Score,J_Score_Normalized
1,5-Aminolevulinic Acid,131.13,114,650,100,1.93,150,3.86,900,5,0.5,574721385.9026512,1.0
2,5-Aminolevulinic Acid,131.13,120,650,100,1.44,150,2.88,900,5,0.5,574721385.9026512,1.0
3,5-Aminolevulinic Acid,131.13,126,650,100,2.42,150,4.84,900,5,0.5,574721385.9026512,1.0
4,5-Aminolevulinic Acid,131.13,132,650,300,1.93,150,3.86,900,5,0.5,574721385.9026512,1.0
5,5-Aminolevulinic Acid,131.13,138,650,300,1.44,150,2.88,900,5,0.5,574721385.9026512,1.0
6,5-Aminolevulinic Acid,131.13,144,650,300,2.42,150,4.84,900,5,0.5,574721385.9026512,1.0
7,Nicotinamide,138.12,114,650,100,1.93,150,3.86,900,5,0.5,559989783.392826,0.9743297043716269
8,Nicotinamide,138.12,120,650,100,1.44,150,2.88,900,5,0.5,559989783.392826,0.9743297043716269
9,Nicotinamide,138.12,126,650,100,2.42,150,4.84,900,5,0.5,559989783.392826,0.9743297043716269
10,Nicotinamide,138.12,132,650,300,1.93,150,3.86,900,5,0.5,559989783.392826,0.9743297043716269
